command,mean,stddev,median,user,system,min,max
100000,0.2772846828400001,0.0016505894399887183,0.27680915974000003,0.27905466,0.010840520000000001,0.27564063824,0.28130294024
500000,1.36800325114,0.005734905056260121,1.36627026424,1.4094089599999997,0.021772520000000004,1.3627177422399999,1.38275132724
1000000,2.7298135804400006,0.004754538149885686,2.7290565042400003,2.8188994599999995,0.043433719999999995,2.72344790624,2.7376255512400003
5000000,13.63602888104,0.01372174855696794,13.63348702574,14.147121059999998,0.16732792,13.60876987524,13.664446770240001
