command,mean,stddev,median,user,system,min,max
100000,0.2041217764857143,0.0020217284370474546,0.20414841420000002,0.3875968971428571,0.0953919657142857,0.1998780957,0.20726702170000003
500000,0.26390033788181816,0.00392793484121664,0.2629191817,0.44762653999999996,0.09798172545454546,0.2593606397,0.27096372370000005
1000000,0.33955025330000005,0.0055093242324001715,0.3374401212,0.53718924,0.08904557999999999,0.3362589917,0.35440827370000005
5000000,0.9420689094,0.0038614462329458117,0.9412147042000001,1.15789754,0.10898658000000001,0.9372447187,0.9513445367
