command,mean,stddev,median,user,system,min,max
100000,0.17827799370999997,0.002239737365938113,0.17846973296000002,0.28847176,0.025530434999999997,0.17566767896,0.18347489996
500000,0.8759315131600001,0.011930135321131243,0.8716845439600001,1.68078046,0.28268476,0.86362095896,0.89171400896
1000000,1.51193824216,0.012492135325084738,1.51015989446,2.97870126,0.52250836,1.4921387129600001,1.5384256489600001
5000000,5.79309397916,0.06846132893994253,5.798639677460001,8.780187960000001,0.6987787599999999,5.69421343696,5.94740592996
