command,mean,stddev,median,user,system,min,max
100000,0.17980277516249998,0.003634786879913465,0.17973694610000002,0.2710820075,0.026537595000000004,0.1752723666,0.18655832260000002
500000,0.8265475256,0.008435144501935603,0.8245536231000001,1.8770661199999998,0.42881751999999995,0.8167109476000001,0.8422527176000001
1000000,1.3625905390000002,0.010949157376655996,1.3621201946000001,2.7223222199999997,0.49946842,1.3423945776000001,1.3805448226
5000000,5.571413629700001,0.029906107383515738,5.5594575351,8.54293682,0.68367012,5.5430006456,5.6310583226
