command,mean,stddev,median,user,system,min,max
100000,0.180269499575,0.0033968617086651957,0.17993773670000002,0.2739706775,0.023284129999999997,0.17494827970000001,0.1879298137
500000,0.8223787218,0.009510089611959472,0.8205560977000002,1.93404744,0.50113948,0.8132627617000001,0.8431756907000001
1000000,1.3599991689000004,0.009690094862748527,1.3600312972000002,2.70861934,0.49183648,1.3430814837,1.3738691607
5000000,5.6219827897000005,0.0441738060375109,5.6212706562,8.541548740000001,0.6767940799999999,5.549675075700001,5.6808646427000005
