command,mean,stddev,median,user,system,min,max
100000,0.1778721010975,0.0018619480274820598,0.17788191716,0.2845808225,0.026251582499999995,0.17494026816000002,0.18188469816000002
500000,0.86648531576,0.0044503110625351856,0.86647380716,1.31188846,0.11641402,0.86062483816,0.8736539171600001
1000000,1.6337936778599995,0.01008427548166979,1.6311273961600001,3.0352694599999994,0.42522041999999993,1.62405177316,1.65756719016
5000000,5.925553329460001,0.07657002341184252,5.91621809166,9.055723859999997,0.70537392,5.803631477160001,6.02160886816
