command,mean,stddev,median,user,system,min,max
100000,0.17830140831500002,0.0018565023499654016,0.17878029444000001,0.28359415749999994,0.028320895000000002,0.17212912994000001,0.18078146094000003
500000,0.84600644354,0.006749609603364214,0.84835284194,1.8157815199999998,0.41590782000000004,0.83443501294,0.85444731694
1000000,1.42070148954,0.012130279679384133,1.41880214094,2.8085855200000003,0.49927372,1.4017668769400002,1.4362113279400002
5000000,5.641603472840001,0.055420193414000056,5.6266159699400005,8.51986112,0.68257252,5.5729604019400005,5.72654056094
