command,mean,stddev,median,user,system,min,max
100000,0.17803359100250007,0.002139059989908467,0.17880675794,0.28775578749999997,0.023073077499999997,0.17363056244000002,0.18130493944000003
500000,0.8685990079400001,0.008587098904637908,0.8704374514400002,1.3253796999999998,0.10306834000000001,0.8463206234400001,0.87804987044
1000000,1.6814785614399999,0.0065136871925094405,1.68316528594,2.5865091,0.16363864,1.66831818244,1.6887768214399999
5000000,8.041996272839999,0.05167746239400009,8.04714297594,12.4444269,0.44663704,7.9803943554400005,8.11355787244
