command,mean,stddev,median,user,system,min,max
100000,0.23470896849333334,0.0047479767387656625,0.23281414216000001,0.6074853933333332,0.10745131333333334,0.23063654266000003,0.24851448766000003
500000,0.48286003676,0.006780899070612433,0.48458313916,0.9896904599999997,0.16215598,0.46803644266,0.49226446166
1000000,0.7747136677600002,0.00838947023332123,0.77497713316,1.4175684599999996,0.18463658,0.7627167126600001,0.7894508816600001
5000000,3.08897828696,0.0540214738632902,3.10480701416,4.7589330599999995,0.34231528000000006,2.9969328106599997,3.15267694366
