command,mean,stddev,median,user,system,min,max
100000,0.33396190727999997,0.002692424065587771,0.33421346808,0.59590462,0.047464219999999994,0.32844587408000003,0.33771024308
500000,1.56840774018,0.007167474695604458,1.5677678830800001,2.8006995199999998,0.16149951999999995,1.55559114808,1.57735382508
1000000,2.9893894502800005,0.012516033550884605,2.9924175230800003,5.37173212,0.24234212,2.9618469050800003,3.00208291308
5000000,14.16628289978,0.050917564881014794,14.16685845308,26.43819222,0.7210119199999999,14.089227148079999,14.24373389808
